,uuid
0,1d3ed7e1-4288-4e31-9936-3e7df66c1100.png
1,9a2aa4a9-9784-449e-99cb-fac70a77556a.png
2,a9a69667-14da-4511-bba6-7d01da6e9dec.png
3,090a43fd-d455-4fff-85ff-f753995104f7.png
4,e3aee65f-2e26-4edf-b8f4-839d70cf82fd.png
5,7b5889a3-3cf8-4fd4-a293-b513e2c72b1d.png
6,70010e35-5480-4908-b6fd-b89e0576aba5.png
7,de27a572-2f03-421a-b63b-4de7899ac7e4.png
8,ad1f5079-c342-4bb3-992e-ca2af83ab03a.png
9,3f299e37-e507-4f43-9df8-98fcc81b3b72.png
10,592866f0-51fb-4287-874c-d7f3e26b0967.png
11,83dbdd4e-22cc-4f11-a826-b17334bf0a16.png
12,bf46c60a-40bb-46e9-b116-6fb94a56be42.png
13,998097aa-16f7-4c63-a5a5-b1f27526562e.png
14,4ccbe259-307a-431c-aade-0d3e5a0e7517.png
15,71befb92-ae81-4520-a2ae-98acede223c4.png
16,2f05112b-92ff-4043-bc10-a3bc72e1c906.png
17,069efda1-7bc1-46e6-9068-0a4ea2d6a1f0.png
18,9656f92b-a507-4066-afba-83f90780c2f1.png
19,e8006046-af0e-4238-af16-1935b9795b4d.png
20,d07996f9-26fc-44ac-a131-8856c5dc9441.png
21,d2a9a12c-4845-45b2-9365-32e36b348fca.png
22,4c07b58c-1c1c-4c6c-a291-cff8e8293723.png
23,1acb8b3c-9a99-46c6-b2a0-cb953ab11368.png
24,b9ea8d4a-3de4-4f18-8493-d31edb8cb60d.png
25,c6b3d57c-ccdc-414b-a37d-1f452447f89d.png
26,847dde4b-28e2-4047-af57-3f7155582fe4.png
27,a523ad89-d876-487f-b105-0816de3e3a17.png
28,e1375fd4-1788-4df4-89c2-65ce795d9a66.png
29,55ab80c9-e875-4858-b79b-76917e33b092.png
30,b85effdd-fdd7-4532-b856-d28a2bbeaf9c.png
31,f7de09c4-45f0-4681-8ec5-acbe3c6e082a.png
32,4bfb3bd5-9954-4d2c-bd29-f1bc63e8c292.png
33,7789464b-381b-488a-91fb-82b195091bba.png
34,a71656e7-bbea-490a-b285-1faa70088a38.png
35,5810fc2b-9f78-4bc4-aff8-3f6a1c36ba02.png
36,24d7b97b-f36b-4bfb-884a-9dcfc99a5bfb.png
37,0e0c3c15-cdcd-48d7-8c22-c0400aaff9a1.png
38,2cde3e1e-ad2f-4a8e-a738-ed7420be70a2.png
39,8ff57a42-8cc5-456a-abf8-40e29942cc52.png
40,968fec7d-26d3-4c7a-931f-9809a065901d.png
41,530ee3bd-4b09-4182-975b-f5d4a2378337.png
42,9534b48f-744d-4cbd-86cf-08d745c76224.png
43,5bf1a686-25a3-4ab1-b614-26f6ecc64888.png
44,90347134-5460-4336-8dc9-7f323801414f.png
45,3743e352-0aa6-493f-9021-75cd8924f7da.png
46,2a45b825-44d4-4d38-8104-0f4aff979327.png
47,8780832a-bc7c-40dd-8bcc-5f313b0559d8.png
48,1d2ab85c-6d44-4ee4-a70a-9afb3fa4f86f.png
49,741be7f5-b00f-4499-ba02-27cc9611f3a4.png
50,8018ddcd-2447-4d7b-846c-3ccff788893a.png
51,533295c8-fc83-486a-a12c-0e040cb25180.png
52,e750395b-a953-4970-84dd-e6396d887cb9.png
53,ef056af4-5929-498e-9950-ae91ff32bd12.png
54,ceee510c-2e54-414b-9aa2-8b7b52254b67.png
55,af31c6c0-179a-47cb-a0e3-3e580fe9abc5.png
56,f932868b-cd70-4dec-91fe-79a39c51a0b3.png
57,dab0cba6-40ee-456e-b79c-31973218b002.png
58,68bc2f25-2780-4bd1-ac1b-57e02306779c.png
59,41629526-7ab9-44a3-8a59-878faa8bcab3.png
60,a01b282c-1f2d-46d4-aaa6-3a3baf22c516.png
61,14da9118-a018-46d2-97b2-7d6dcb21789c.png
62,f6538627-6200-40e5-afa9-3cb9eac9da81.png
63,fabcadde-1183-4780-b630-8a5800aacc51.png
64,e02a1e0a-f61c-405a-afe1-b844cf83db21.png
65,abfa6e9b-e0e4-4b71-98be-96077ef81a7f.png
66,13a90cd1-159d-4e96-b204-02427f582c6d.png
67,d715a7b5-eb9c-41bc-a8e5-7f0f5e3ce5c0.png
68,82b34086-837c-4966-8491-7a66567a608a.png
69,7ac2b7a8-bd2a-4853-b80b-3593f6254430.png
70,b521a959-4d4a-46cf-844a-636e8dcf306f.png
71,19578307-6641-4bf6-b971-06f2d290c16f.png
72,1c52cdd2-877e-45b8-b92a-b78e795303b3.png
73,6c315cd0-98d1-4a16-840c-e0dd8442d958.png
74,ffdd4e21-709d-411e-a351-c0554df0913a.png
75,cce075ef-6f96-4651-868f-1c7dac8699f3.png
76,31630d2d-fdbb-4856-85af-043e5335ac30.png
77,e4ab9847-aa9f-4434-b874-9441338ebf44.png
78,5490807d-9df8-49ab-8fb5-22702b0e4ab8.png
79,b0228117-a602-47e9-9ad7-c0626f0b49d6.png
80,69fba7af-62e3-486c-94b7-2774cd449307.png
81,4327a78e-d16d-4aa8-8209-a350c9716c6e.png
82,eff8067f-9930-4377-a278-b79ed645307a.png
83,f155ecf6-0477-4c5a-aee8-edb743d41167.png
84,7075eeaa-4285-4772-a709-dd538f3f6c40.png
85,a1ea4b7a-a356-416e-af38-8e3d392d2d64.png
86,681c4d93-c625-4765-a7eb-eee076ec10e8.png
87,84e50342-2438-4186-a69a-1b4e58a8c3d7.png
88,949f4059-5847-4e2f-ac5d-5238699f8ae2.png
89,53d6a5bc-0d69-471a-b8c0-89ba6378f8c9.png
90,b4467dfc-d9af-4c8e-a565-ae446e7706f8.png
91,994c1c3a-c072-49a5-b25f-8b4a25233e55.png
92,5788777a-28b2-4067-b057-8180f7795ec2.png
93,97ffe619-886a-4d28-ab3a-23933079d66b.png
94,2a0a0307-332c-4c22-ab02-349b9648a979.png
95,e3af5f8f-49bf-498b-9b6c-cfeb76585adb.png
96,e55407e6-6e12-4416-a14d-86cb1277dddb.png
97,b1ec6fd3-55cf-43f4-a678-c329936ed6e3.png
98,69032660-dd68-4046-8d71-0ce3d0067078.png
99,e3a74e9e-073d-47ed-8489-ab02d7eb4b19.png
100,67050d3d-e773-4b67-b260-78c3678b85e0.png
101,bf2daf08-2814-4bec-875c-94a042ca4113.png
102,4ca9f6ab-dc4f-4b85-90d0-023f94360dd0.png
103,fd544711-723c-4553-b892-81bc470bcc8b.png
104,791f23f3-660b-4d81-8cae-d167455cb9f0.png
105,f50cc844-727e-4305-8869-5d55f09fa794.png
106,530f84c1-47e5-4f82-b3ee-4dde2fca65e2.png
107,09ade3da-b7e0-4eae-b32d-b9779457562b.png
108,789ed0d0-69e7-414d-9fd4-67190520a1ec.png
109,6e1bad7c-2c60-4a7c-a0d1-590c308ec85f.png
110,8ee8a174-ff35-4b5e-96e7-4d5d6716b98a.png
111,9d2e25a1-9e34-47a3-a6f2-b144c698aaca.png
112,67a05d70-50cb-4eea-832d-6aea23fead1f.png
113,e8a12b18-7f4d-4aad-99bb-747a3260af66.png
114,5244d5d6-4f3f-4a78-b727-0cfa8f2f0980.png
115,05cebe1f-1022-41e5-95a2-ec6e7f677827.png
116,16c86f76-a954-4295-b2d6-892372e63a81.png
117,e4d09d80-29ae-4e17-a309-61ae77be042f.png
118,d3783371-94fb-43d3-8086-569bcb5719b3.png
119,d0b705e0-8f42-4aa4-91e3-d7eb8845d593.png
120,6cae753e-c47a-4543-856c-2f8425dc9c99.png
121,eb05f777-c3a8-404b-a981-81cb35b9e479.png
122,175e32fb-4698-4f33-a3cf-8f5e2d9489de.png
123,a39093c6-332e-47a2-b2fc-e6eb368d82f1.png
124,66acbf90-997a-48ce-8998-46cf159bd807.png
125,4fd104ab-d226-4052-84d3-7b1f2983dc34.png
126,422c29cd-3f83-4828-8969-eda360c58769.png
127,1a514f03-2836-44ca-bcc2-c73cf047f485.png
128,c351d240-2cae-4473-91ee-cd82d1289c7c.png
129,702e42c3-8867-47d0-9c1d-29f61c388b20.png
130,4030e00b-d894-4fa1-891b-925539900c1f.png
131,9f7a3ff2-0b53-4e52-aded-1e1ff912b932.png
132,eb4df4b5-8088-4db3-a071-cd7b4c603712.png
133,d6a101a4-70fd-453b-a0e2-1f218fd7a681.png
134,02fbc9e9-fcfd-4c1f-8bbe-6e907eaba6fe.png
135,836e4b32-723a-4ba9-b8d2-bad0ec22919e.png
136,519c46d8-4446-44ab-99a2-3060e7035248.png
137,86d548eb-6fe0-4391-af66-04327d0c35f5.png
138,f1bb372c-04a2-4e60-84b8-6cdf913c4ac3.png
139,bb727c53-4f4f-4a10-9939-801821b90c70.png
140,48a8cd42-e544-442f-91ca-3f54eda066fb.png
141,96948f91-8932-476e-848d-14da728cec29.png
142,7cf84f97-137b-4eae-b41b-4c7301da64df.png
143,6368d21f-b635-4255-b315-8980d8c30ce8.png
144,c4b24d92-240a-4d7b-841e-0b12f0cd6521.png
145,86d8a54a-8b31-4a0f-bb27-eb6c473bdcf2.png
146,1f4736ef-b2cf-4fe8-8150-5bc272c0a45a.png
147,ecf638a9-2a7a-4bff-8ac8-ae5a5af9aef1.png
148,45748545-c1a1-46b4-b975-337218ec4991.png
149,94dbc257-a0d8-499b-b818-37c1e4aec8b1.png
150,fed5a1b1-86fc-4ef7-bacd-83aceab1ea67.png
151,a621c841-b84b-4b09-acdb-85db750d6227.png
152,9529397b-b1bd-4ade-b673-b6147e835945.png
153,900f5e91-956a-4c0c-8a35-cea49b468258.png
154,6f693db3-67f4-41e5-a751-77197697d9a8.png
155,ee17922c-a82b-4381-852d-03153060620e.png
156,df9e6fd0-e28b-4a54-a325-59b1d2100408.png
157,214d70c2-1792-4d05-be7d-f10ee9c88b07.png
158,a46d1471-7914-41ec-99fa-dd617cbed699.png
159,be340b9e-3027-460c-9cc0-eb477e920437.png
160,ec63f5d5-ec94-417a-b790-2e26e225076d.png
161,3608a8f9-4a61-43d6-8add-fc7f3faf8ee3.png
162,be219628-ed0e-49ae-a97e-7eaa15edc9e4.png
163,20dab86b-5a3b-45a5-9c9b-08d597f05897.png
164,fa1f468e-5bb8-4c9c-8d68-f1ad86317c77.png
165,8146f7bd-5c46-4ee8-8d94-fede03396754.png
166,197c296c-cf29-46ed-87c4-4b43548fdb2b.png
167,ea04e8d7-569d-47dd-8635-2ede3aa57eb7.png
168,1c9ddabd-9784-4095-93ff-640429275ff5.png
169,e9777921-8272-4690-b4bd-2ec58bd5cc79.png
170,891166bd-5fa5-487f-8a1f-2729526b7334.png
171,0e5e3eb6-a9fb-489f-8395-e2de0283032f.png
172,abecaf85-d446-4640-978e-4330d9e119cc.png
173,6e8730c2-a011-42b2-a304-c49cb1bebce4.png
174,591f27e5-a291-4d82-9a76-52df9ae8fbe5.png
175,c5cc50fa-ba6a-4006-b07c-6c10d9e0d64c.png
176,11270264-cc5c-447c-ae34-cfc09b88df72.png
177,7f6380f6-dab3-4300-8b50-a72b0ccc3992.png
178,0c9ae676-cfce-4821-8ff5-6c7ab0d0ad7c.png
179,5dfdd6c0-7e9d-4ede-8a1e-9708be6340ff.png
180,be692611-f615-40a5-9b2e-e01aab3cde99.png
181,ddb29f1d-3a58-40a2-b76c-da63cd685ad7.png
182,df14c5c8-951b-4e6b-a5ff-8ed1858c4de1.png
183,63caefd2-14d9-4ce0-8919-0da54980553e.png
184,5c8756e0-8a21-4402-8f52-68595b126808.png
185,4f4edca3-5d3a-473c-9d5d-174cd6eaac9e.png
186,792c9b22-2fa7-4413-9576-dfe68d4ab599.png
187,15755e93-b467-470f-bfbf-b72d7271cb5c.png
188,ed3fb0c0-46de-453e-a537-5af9016aee89.png
189,741b7a08-31c3-4033-a189-ce297a8d2e83.png
190,5ac120ad-d9e1-40e3-8c83-444f1c6f51fa.png
191,54c53590-f6a7-454e-a492-dea7b0beb219.png
192,24b8ae29-cf8b-4e2a-8364-9496c067979f.png
193,0f89f721-9b1a-47b3-a059-6f19d1f05688.png
194,2facf43f-8f3f-4f65-959a-def25c48a6ba.png
195,0b0bc81d-76ab-4e3e-8aae-f4b25cf64469.png
196,a1a59d21-f0cb-4f4e-a15a-0a3d1be0c500.png
197,07837424-89e1-423a-bdea-8f58eb2cc211.png
198,a412eb1d-0a97-40f4-bd43-75401a1bd689.png
199,fe73b7c3-88ee-48cf-b131-486581e1cbef.png
200,3804f574-2780-45ca-b164-d50eb91f5095.png
201,cba52b83-e58d-44a8-9c9a-cd65522c0812.png
202,1ca6bc7f-15b1-4d69-bb3f-dd713a3f4faf.png
203,10b74815-619b-4aac-9ca5-077cfb46302f.png
204,7f6901bb-8399-4608-bb1a-1b376f1c4d24.png
205,1c695b85-cf60-47f8-876c-a68c80635b5a.png
206,bffa4de9-ff31-418a-b62a-71852732404e.png
207,9421bdb5-2e44-41fe-af47-d147a2d64fa5.png
208,a5dfc7ed-42e2-4e1e-9c9a-28e099c92dca.png
209,33c16741-585a-43c6-8fd9-8c2233e7d465.png
210,2c74431b-ea4f-4903-91df-7eb26bf96eb8.png
211,3ce14f7d-2760-4a17-a0e8-cb457b194b0e.png
212,60705bcf-6876-41ff-b539-9b68dc0d3207.png
213,6080c9e0-31a9-472f-a47b-8046b2c1fe17.png
214,1249d4e7-1e81-44d3-a42e-4977c9556be4.png
215,bc94f33c-0df0-45c3-bc3a-4f9529c24eaa.png
216,80333fa3-9aba-40b0-90ce-014597d980d3.png
217,b2c65c91-a88c-4d8e-9b3e-b80459c961e3.png
218,41c88b2f-0abc-454f-9d43-09a62c22ef1e.png
219,38677c06-a883-4758-a7d6-d539f2df1d92.png
220,cb7efb15-5c49-48b6-abc1-4fcb336172af.png
221,21f3e2bb-6656-482a-873e-f0eca5e03b15.png
222,8ee151d3-5159-420c-88b5-eb4f2bb12eb4.png
223,6a86e05d-5f0a-4cb1-a90a-c95681491bc8.png
224,18c6bc6d-9872-4758-8a6f-8fed8e67b228.png
225,09383595-0b66-4343-b8e9-32388769bc81.png
226,d54f11c6-8dba-4c36-b154-89777b4678ee.png
227,52e6e729-efa4-4877-a50f-8cf68b6d16c6.png
228,bd13481c-209d-4a25-bc1e-d723abc15e9b.png
229,7d4f77f8-5fb3-4cab-be01-8a18447ca65a.png
230,4251ef40-72de-4ab4-b6da-d091e43a5e81.png
231,9ce0ac38-da5c-4310-a175-3ae998c00f11.png
232,72bba190-b82d-44c6-8fc4-a3864d4869f1.png
233,be0f6516-775f-42c3-8d2e-9b77b1f89709.png
234,732ee3ef-9efa-49f4-96c7-61e701296132.png
235,b1d4c74e-695a-47ee-965c-6f6a6849189f.png
236,01b691ed-91e1-4267-be33-5f3c6f91236b.png
237,bb0c05f2-3639-4475-ad52-943129c5dabd.png
238,b6c51095-133a-40e9-8d5e-0b6474a5c2b6.png
239,aec67259-5795-4e61-8763-dfca78688276.png
240,cdb8715c-efd1-489e-8942-e4e3e01e5816.png
241,e4d604f1-294c-4503-8b60-f0d9814e8071.png
242,70735695-0f80-4bf3-81b7-91f27a50562e.png
243,b7720687-af8a-46ed-8604-fbaa9b8642f1.png
244,84332d83-29d9-4eb1-ab25-4451490e7774.png
245,091f4264-bcb5-440a-bc31-06354102e755.png
246,d0826f26-95bc-49a9-92ee-a78ed4faa2b5.png
247,3cdf1bca-591d-43e9-b017-c14192651742.png
248,403d0c14-68f5-4151-ac25-88523ffecd4a.png
249,f5249e9f-7043-4bbd-b0d8-8e1933ad5242.png
250,a01fb820-1430-4b01-9979-30822ffa0e98.png
251,7d2b700e-500b-42f4-8f63-d465b60bb7bd.png
252,2e60bf5e-6221-4e8c-8ace-323e31a1ade2.png
253,91adc99b-7568-4d5d-a9af-0b7bf8d9a199.png
254,bd1097fa-b6a9-433f-9a41-e45be0920c11.png
255,50a34c0a-7349-4b8d-a6db-9faf21b039dc.png
256,f4fea0f6-d2e7-4500-98f1-570051970635.png
257,1608997b-2c05-4d63-9fd6-29544f387e55.png
258,a4113b9e-84ea-4b59-b970-d536e34357c7.png
259,cc41c4c2-8729-4ab6-8142-afbf12616677.png
260,43ebc05c-bfdf-4e9d-9cd1-aa6bd0017d4e.png
261,9a4526c9-183b-42e7-9dd0-4ea1f51e1b13.png
262,01a83dcd-6d2e-406e-a3ee-b8d0d9d6ac4e.png
263,e826fe76-f689-4cf0-ba85-1db2e31a1bfd.png
264,4aa44b7e-e890-4534-98c5-7cfe6ede5ef2.png
265,8ef99a2d-e8f7-44ef-a3df-3fcba32e3f57.png
266,f481ceef-ef0a-4736-9c60-9cd7c4ef5b66.png
267,0e37a747-a723-41e5-9598-d266000165e6.png
268,6c111726-5c31-4d2b-bc20-54489d8e5a4f.png
269,4b1df39d-4a4c-4d8f-8458-eca1f2ef935e.png
270,234dc6f6-be38-4728-8609-988967d2fa4c.png
